,names,scores,logfoldchanges,pvals,pvals_adj
0,GZMH,58.497833,3.9351792,0.0,0.0
1,B2M,55.377445,0.85809505,0.0,0.0
2,IL32,55.17782,2.6370916,0.0,0.0
3,CD52,51.533524,1.3850235,0.0,0.0
4,CCL5,51.10385,3.5060015,0.0,0.0
5,FGFBP2,50.535744,3.3397682,0.0,0.0
6,NKG7,49.849655,3.715475,0.0,0.0
7,GZMA,49.317867,2.9594522,0.0,0.0
8,CD2,49.038795,2.3145595,0.0,0.0
9,CD3G,48.449913,2.292423,0.0,0.0
10,CST7,46.243362,2.5980537,0.0,0.0
11,ITGB1,45.362286,2.0292516,0.0,0.0
12,GNLY,45.00964,3.6438031,0.0,0.0
13,CALM1,44.51459,1.1469477,0.0,0.0
14,CD3D,43.944153,2.0415597,0.0,0.0
15,MALAT1,42.82834,0.68240196,0.0,0.0
16,SYNE2,41.164455,2.0195096,0.0,0.0
17,CD3E,40.148087,1.7787818,0.0,0.0
18,RORA,39.537266,2.024655,0.0,0.0
19,HOPX,39.017784,2.3008854,0.0,0.0
20,MYBL1,38.716362,2.4491067,0.0,0.0
21,GZMM,38.54197,1.9113973,0.0,0.0
22,TRAC,36.97531,1.7749238,2.8558327289775356e-299,3.990788252685358e-296
23,PPP2R5C,36.7808,1.4039446,3.74343983519572e-296,5.021899407711761e-293
24,CD99,36.336685,1.3272377,4.264529585322427e-289,5.500915124328598e-286
25,HLA-C,36.150658,0.65807724,3.632843548080266e-286,4.512529885759851e-283
26,PRF1,36.071518,1.8787524,6.3438911089981824e-285,7.59862214334218e-282
27,C12orf75,35.327377,2.0331385,2.2316051247429195e-273,2.58081285081476e-270
28,HLA-B,34.45097,0.57002807,4.3547771252443816e-260,4.868350507548202e-257
29,SH3BGRL3,33.388584,0.8405791,2.007945218603957e-244,2.172337636823855e-241
30,ARL4C,32.658085,1.2981868,6.152551014423501e-234,6.252856240052588e-231
31,HLA-A,32.641167,0.55066764,1.0695153217570032e-233,1.054982495914305e-230
32,TRBC1,32.18303,1.83066,3.0492410268218226e-227,2.9218698730728654e-224
33,S100A4,32.12584,1.2853509,1.921326511837531e-226,1.7899291265001975e-223
34,ABHD17A,32.019768,1.2720078,5.788178843472602e-225,5.246593028442815e-222
35,YWHAQ,31.779903,1.5274068,1.226990922036166e-221,1.0829163564012879e-218
36,HCST,31.340826,1.0210809,1.2973843777687216e-215,1.0877919315401846e-212
37,LYAR,30.88679,1.670448,1.7972542667538166e-209,1.470153990204622e-206
38,SAMD3,30.618315,1.8189608,6.982794165301714e-206,5.575927397997355e-203
39,SYNE1,30.336193,1.5717354,3.8216281106741523e-202,2.9806921761811565e-199
40,TRGC2,30.146208,2.5821543,1.202706951394799e-199,8.768779507799732e-197
41,IL7R,30.039188,1.6991545,3.0223306005933106e-198,2.156657950695712e-195
42,CLEC2D,29.44363,1.3100828,1.5189971855704066e-190,1.0613359918679229e-187
43,DSTN,29.324242,1.3427328,5.091764786125828e-189,3.4850532121854694e-186
44,MAF,28.987925,2.3345013,9.341873927268252e-185,6.143289564171032e-182
45,LINC01871,28.241251,2.1867497,1.822923264013389e-175,1.1535320835562461e-172
46,CD6,28.07852,2.0482821,1.7923773853758766e-173,1.1131991250136323e-170
47,GZMB,28.060608,1.7196562,2.9651342097629564e-173,1.8080849295823643e-170
48,CD81,28.042534,1.1771868,4.926370506286296e-173,2.9503681078541036e-170
49,PTPRC,27.900799,0.5691224,2.6092474929965514e-171,1.5352446038617253e-168
50,KLRG1,27.583483,2.393365,1.7562041656780244e-167,9.982978865849081e-165
51,RAP1B,27.022478,0.80542177,8.046116019468331e-161,4.216416235327013e-158
52,IL2RG,26.946894,1.1783792,6.203131927292523e-160,3.200625208885179e-157
53,TGFBR3,26.842611,2.366544,1.0287977042157031e-158,5.227851121816099e-156
54,RUNX3,26.742441,1.3155545,1.5118323063847285e-157,7.567736103213585e-155
55,TMSB4X,26.500711,0.341775,9.510864044853337e-155,4.690814093180753e-152
56,ANXA1,26.143248,1.0054642,1.1761296502188522e-150,5.6350051727199806e-148
57,MYL12B,26.125471,0.6383443,1.8728691332399383e-150,8.846800702901556e-148
58,ID2,26.070602,1.114543,7.857947141487815e-150,3.6101346744002516e-147
59,TRBC2,26.020569,1.2332114,2.8980383221430284e-149,1.3134379628112552e-146
60,RASGRP1,25.762539,1.5345701,2.332633716822738e-146,1.0029726871128331e-143
61,CD247,25.630064,1.177441,7.05450254426454e-145,2.994859573791698e-142
62,MYL12A,25.593468,0.5607164,1.8036197048098648e-144,7.561224707489156e-142
63,C1orf21,25.417559,2.242844,1.6131195517136077e-142,6.597658966508656e-140
64,CLEC2B,25.39854,1.1029631,2.6172896340532183e-142,1.0575742138177932e-139
65,PYHIN1,25.22385,1.5447687,2.1933762164158823e-140,8.553657156529752e-138
66,SEPT7,25.154413,0.7086634,1.2644893417209088e-139,4.874533740532854e-137
67,EMB,24.671877,1.0189736,2.1437615429976212e-134,7.988608292117135e-132
68,EFHD2,24.335306,1.0187241,8.295124272755868e-131,3.02393345499659e-128
69,CD320,24.09158,2.3893983,3.063039618101836e-128,1.0813497127568357e-125
70,LITAF,24.031681,0.98782825,1.2976599853132268e-127,4.486692844065464e-125
71,PFN1,23.867712,0.5428612,6.631403668162141e-126,2.2020199626021968e-123
72,PPIA,22.696136,0.5167754,4.891333362753473e-114,1.4389959501756665e-111
73,ITGA4,22.333483,0.95335853,1.7476137372927403e-110,4.884289126776993e-108
74,PAXX,22.253183,1.0886942,1.0506242673431705e-109,2.8647021689557117e-107
75,SPOCK2,22.170147,1.2080575,6.669172052052072e-109,1.8037959054977612e-106
76,OPTN,21.958662,1.352117,7.157672878334649e-107,1.8465694845660573e-104
77,LCK,21.792738,1.1041079,2.7190167692994125e-105,6.908362455209371e-103
78,SKAP1,21.787754,1.1490839,3.0315963507146357e-105,7.6446374744562e-103
79,MT-ATP6,21.742138,0.28444165,8.198829940163871e-105,2.0218555774501167e-102
80,HSP90AA1,21.31222,0.52277607,8.745116870720876e-101,2.0510051021694877e-98
81,RARRES3,21.261538,0.8643512,2.578246151212865e-100,6.004806904123408e-98
82,AES,20.967117,0.66692597,1.3096463509292754e-97,2.9281946211644026e-95
83,KLF2,20.684118,0.64806026,4.814880500613463e-95,1.0156066806891467e-92
84,KIAA1551,20.438126,0.7901271,7.662591006512449e-93,1.5296903403358008e-90
85,MT-ND5,20.382538,0.3912123,2.3893801344269257e-92,4.713825349906484e-90
86,ZFP36L2,20.358723,0.59447575,3.885754839163847e-92,7.57677010441146e-90
87,ADGRG1,20.163523,1.6712713,2.047691187897231e-90,3.9020151738464396e-88
88,PRDM1,20.137043,1.3615025,3.4959529962738846e-90,6.624139637798506e-88
89,HLA-E,20.088823,0.35776734,9.24277375452431e-90,1.7414839672990802e-87
90,MIAT,20.04899,2.7495031,2.05984493693538e-89,3.8593899159183677e-87
91,RNF213,20.047695,0.61703867,2.1141473825399188e-89,3.939126384201322e-87
92,RPL36AL,19.87401,0.40021777,6.832042563976532e-88,1.2520931339379506e-85
93,SUB1,19.823795,0.5094559,1.8557450087270421e-87,3.3824987012330185e-85
94,GBP5,19.810682,1.4436342,2.408022828136913e-87,4.3419499790352573e-85
95,FLNA,19.526123,0.7288725,6.585281204483613e-85,1.1502977137290178e-82
96,AHNAK,19.465338,0.745062,2.1606497903795946e-84,3.735251168543858e-82
97,SUN2,19.43615,0.8823239,3.817652544119995e-84,6.532470970647774e-82
98,ITGAL,19.3592,0.9230241,1.705138037212063e-83,2.8593459746009083e-81
99,AAK1,19.045025,0.74367166,7.225293393009878e-81,1.1594348794964844e-78
100,SYTL3,19.016546,1.4768095,1.2441592626051714e-80,1.9869815880596304e-78
101,S100A10,18.946815,0.6364973,4.691348132503808e-80,7.284186743884847e-78
102,TMA7,18.889744,0.40163764,1.3851803001283183e-79,2.121286616698792e-77
103,UBC,18.869322,0.3912519,2.0389783127016915e-79,3.0942649163524586e-77
104,TBX21,18.806976,1.8982201,6.620839929305468e-79,9.957386975293579e-77
105,CD5,18.692156,2.2075596,5.734823350106384e-78,8.548200245149684e-76
106,PTPN4,18.550556,1.1620065,8.071204035361533e-77,1.1820613141395418e-74
107,UBB,18.45651,0.4869128,4.6225744903457043e-76,6.625295010992062e-74
108,SLC9A3R1,18.432673,0.9806467,7.184541841149906e-76,1.016688456829053e-73
109,PPDPF,18.368805,0.5632756,2.334976297902646e-75,3.249395646433981e-73
110,ZBTB38,18.35161,1.3446033,3.2047682875666446e-75,4.4413850755541375e-73
111,MATK,18.326511,1.4309727,5.084990053549291e-75,7.018123309297783e-73
112,CD226,18.302885,1.4885112,7.847977353680653e-75,1.0787109200317285e-72
113,THEMIS,18.065779,1.9542094,5.928010406734337e-73,7.85824557395479e-71
114,LBH,17.93823,0.9574499,5.931340637400857e-72,7.621659091844825e-70
115,APOBEC3G,17.927681,1.1598601,7.170921633669828e-72,9.144424705323904e-70
116,DUSP2,17.797533,0.91075873,7.385050341946082e-71,9.311271367225103e-69
117,SSBP3,17.735985,1.2962648,2.211851671688013e-70,2.7679507972042006e-68
118,CTSC,17.70006,0.7980351,4.18856052697953e-70,5.2028127019940555e-68
119,ATP2B4,17.539839,1.3774073,7.112833919598832e-69,8.643124057808174e-67
120,ITM2A,17.444372,1.1704688,3.798704806992583e-68,4.582768410680477e-66
121,IKZF3,17.153969,1.0151092,5.870326289451586e-66,6.908035196337799e-64
122,CCL4,17.056551,0.6445556,3.124719828280897e-65,3.5889333424960523e-63
123,AKNA,16.968887,0.8057572,1.3955219048357954e-64,1.5865428354028106e-62
124,ARL6IP5,16.943388,0.4817607,2.1535500543086648e-64,2.440059517615e-62
125,ANXA6,16.887722,0.85860264,5.5401183700149597e-64,6.214196986406746e-62
126,CD40LG,16.876446,2.2762907,6.706334493171327e-64,7.497234874399333e-62
127,KLF3,16.753088,0.77754515,5.376252879805005e-63,5.892443434081708e-61
128,HLA-F,16.738386,0.5303617,6.882839513094466e-63,7.49469712955072e-61
129,SYTL2,16.724964,1.7840781,8.62285501283195e-63,9.328816497430902e-61
130,CCDC88C,16.626545,0.95019555,4.476816958826633e-62,4.8122912552925514e-60
131,LAT,16.59222,1.009422,7.933291422592209e-62,8.473462666589093e-60
132,BIN2,16.57651,0.5957003,1.0304225702900383e-61,1.0970892749964224e-59
133,EVL,16.324146,0.6329303,6.646470941385689e-60,6.944216275146206e-58
134,SLC4A7,16.206333,1.2622321,4.549160822772856e-59,4.708943076362841e-57
135,SSBP4,16.164017,0.9928741,9.047067779484555e-59,9.336017205795477e-57
136,CHST12,16.088287,1.2916447,3.082443591675687e-58,3.1422186376176046e-56
137,CYTOR,16.050385,1.3135129,5.681014713905654e-58,5.7388515504508385e-56
138,GUK1,15.984632,0.5326296,1.6353156966558555e-57,1.6371706816251966e-55
139,RPS3,15.944237,0.39928088,3.1243575489578033e-57,3.1185923653853218e-55
140,MT-CYB,15.938669,0.25617164,3.4154846657191085e-57,3.399066015397254e-55
141,EZR,15.882946,0.71117157,8.317836644439345e-57,8.229014908000199e-55
142,RPL3,15.821157,0.42182457,2.223656656489054e-56,2.1870087080741904e-54
143,STAT4,15.750484,1.3887473,6.815711556473947e-56,6.587473607522283e-54
144,CFL1,15.721595,0.34081513,1.075806596246705e-55,1.03382239612957e-53
145,PROK2,15.652653,2.955561,3.186538166084565e-55,3.0274820683893525e-53
146,SRSF7,15.569557,0.4837586,1.1721590683070187e-54,1.0950381847599107e-52
147,FNBP1,15.561243,0.54747736,1.334817250565949e-54,1.2400858988775845e-52
148,RPS26,15.544871,0.46940914,1.7236792348333396e-54,1.5969269109900704e-52
149,PIK3R1,15.480157,0.7071399,4.723219338965179e-54,4.3162760269813125e-52
150,CCDC107,15.366823,1.1000844,2.732433956647056e-53,2.4568463817165944e-51
151,RPL14,15.270178,0.32194844,1.2084251579920821e-52,1.0665306039141698e-50
152,ARID5B,15.151783,1.0078945,7.373889326094968e-52,6.423519486196703e-50
153,EML4,15.1003275,0.8347367,1.6113181676781102e-51,1.3892130773158988e-49
154,TSC22D3,14.97363,0.50178885,1.0919467949816888e-50,9.15542790252397e-49
155,GIMAP7,14.818926,0.6184898,1.1053772911384027e-49,9.041986241512134e-48
156,ZAP70,14.774023,1.0667468,2.1545896539584877e-49,1.7538987333606738e-47
157,MYL6,14.757283,0.3160227,2.761857786287772e-49,2.2373716530560217e-47
158,ETS1,14.720809,0.6513546,4.7395855158922094e-49,3.8118997369782474e-47
159,SPN,14.605421,0.7667141,2.5937305439008265e-48,2.04678905838461e-46
160,ARPC5L,14.5265465,0.86257696,8.22645264875406e-48,6.401363548350665e-46
161,IFITM2,14.449157,0.44083983,2.537734252180273e-47,1.9565639390717698e-45
162,HMGB1,14.437811,0.2582858,2.9919460534680284e-47,2.301465292229604e-45
163,IQGAP2,14.388664,0.66024274,6.09619996484599e-47,4.6679076351827584e-45
164,PRKCH,14.352675,0.9730335,1.0250544630700569e-46,7.795527569715094e-45
165,S1PR5,14.313801,1.4521368,1.7943369621668966e-46,1.358430542599399e-44
166,TOMM7,14.2937355,0.2833308,2.394151339365281e-46,1.804383092576018e-44
167,ARAP2,14.154159,0.9425075,1.7603099430412778e-45,1.3032511008767853e-43
168,SRP14,14.078418,0.27136928,5.155127130326074e-45,3.774948770674145e-43
169,ZNF683,14.048133,2.9061162,7.909151041631831e-45,5.766458861614094e-43
170,MSN,14.03616,0.43657768,9.365038305504524e-45,6.798369149134431e-43
171,EMP3,13.981416,0.40053862,2.024212469717325e-44,1.4599578023522505e-42
172,GPR65,13.822764,0.8871681,1.857942696204353e-43,1.3008701909248766e-41
173,CRIP1,13.808319,0.83299303,2.2706693515553557e-43,1.5865355981763232e-41
174,PARP8,13.735885,0.8459606,6.189559766888014e-43,4.271305667940128e-41
175,PPIB,13.7075405,0.41591027,9.15071378455685e-43,6.26319671237689e-41
176,DIAPH1,13.666247,0.61652523,1.6151140191102677e-42,1.0987361860632893e-40
177,RPS27,13.644877,0.42805228,2.165778582506891e-42,1.4673915575781034e-40
178,CD47,13.614635,0.5957201,3.277789068767173e-42,2.203015827421111e-40
179,SPON2,13.494706,0.9030574,1.680228863544078e-41,1.1136663167103021e-39
180,HSPA8,13.459544,0.43908238,2.7058124005115197e-41,1.7828592591032484e-39
181,PSME1,13.43134,0.39480212,3.961742933323028e-41,2.595096376909916e-39
182,CD96,13.389171,0.9495285,6.99571098924967e-41,4.555770003057387e-39
183,CX3CR1,13.36699,0.98177457,9.427959043003843e-41,6.127807953183388e-39
184,TC2N,13.325312,1.0800533,1.6494319795137786e-40,1.0658699369736629e-38
185,ACAP1,13.219694,0.6223747,6.7538337848276694e-40,4.273775046708498e-38
186,FAM107B,13.20355,0.47043884,8.369592578271897e-40,5.276304434024114e-38
187,RPL35,13.195809,0.25251994,9.275360944296618e-40,5.836342501872795e-38
188,H2AFV,13.109908,0.5892246,2.8894912707417163e-39,1.801259446805496e-37
189,MT2A,13.060953,0.642112,5.503441093971517e-39,3.405431871026139e-37
190,CALR,13.043509,0.54258764,6.919807172695694e-39,4.2739685627600025e-37
191,GNG2,13.043037,0.8082319,6.962722302420103e-39,4.292569495929511e-37
192,BTN3A2,13.00198,0.6444224,1.1921584204026208e-38,7.309434936647733e-37
193,RNF125,12.967201,0.8487653,1.8776169688988072e-38,1.1346219441969046e-36
194,MBP,12.924161,0.53176796,3.288659543418647e-38,1.9695547101281175e-36
195,RPSA,12.911151,0.44409636,3.8943689965868276e-38,2.328152360205508e-36
196,MACF1,12.898672,0.5727667,4.5791917070581424e-38,2.727831820094422e-36
197,LGALS1,12.799433,0.62995756,1.6515359355341289e-37,9.582908686149414e-36
198,CNOT6L,12.789871,0.678841,1.8678371889084692e-37,1.0819261423421802e-35
199,PRSS23,12.764851,1.6372167,2.576457038802377e-37,1.4770806182453696e-35
200,PSMB9,12.7401085,0.4613603,3.5390098476564738e-37,2.0254490148584097e-35
201,AC004687.1,12.695712,0.6382152,6.245956752109598e-37,3.544448351137931e-35
202,CXCR4,12.616204,0.48796716,1.7190917389901255e-36,9.625191776669588e-35
203,TGFB1,12.541447,0.4783731,4.428375145490144e-36,2.4629990983324786e-34
204,PBXIP1,12.533596,0.86094725,4.889444367078695e-36,2.7149368407795573e-34
205,RPL23A,12.487136,0.321194,8.775590026347766e-36,4.832770743902322e-34
206,BIN1,12.484815,0.7186249,9.035397911963423e-36,4.967691396252939e-34
207,PATL2,12.357512,1.8700958,4.4367276169056557e-35,2.3961186926856985e-33
208,CYTH1,12.346254,0.53749055,5.103236811159198e-35,2.751645597631144e-33
209,LDHA,12.328433,0.5077981,6.367289936969577e-35,3.411280669426289e-33
210,PRDX2,12.299148,0.651177,9.153472719336384e-35,4.888362548743689e-33
211,RPS27A,12.256564,0.2899533,1.5493110394095508e-34,8.19570877598068e-33
212,DBI,12.246967,0.42230842,1.7439687097856269e-34,9.210901195085096e-33
213,ADRB2,12.23805,1.9857851,1.9465293983591375e-34,1.0248462003480182e-32
214,RNF19A,12.2261305,0.7571348,2.254233360243669e-34,1.1831373777128666e-32
215,RPS19,12.214838,0.29195973,2.5901709808726893e-34,1.355213016482188e-32
216,ORAI1,12.131629,0.84953564,7.1806441966060796e-34,3.710700232138285e-32
217,MXD4,12.127591,0.79818344,7.543566001708126e-34,3.892247947158263e-32
218,PTPN7,12.107369,1.0818119,9.65405885892527e-34,4.958312802613105e-32
219,MED10,12.074366,0.6409226,1.4427285102171074e-33,7.353530209067074e-32
220,PRMT2,12.035336,0.48256433,2.3169015990240632e-33,1.1755559126788053e-31
221,PCSK7,12.021027,0.6092085,2.7552761405480534e-33,1.3958678429259913e-31
222,VAMP2,12.0173855,0.45653245,2.8793892805288638e-33,1.4543517724454372e-31
223,DNAJC1,12.01005,0.9719188,3.1465595699524867e-33,1.586906990331827e-31
224,MGST3,11.962432,0.6687885,5.590038571219182e-33,2.7940195767742017e-31
225,DHRS7,11.941256,0.6606512,7.21261373861704e-33,3.583653919492419e-31
226,DIP2A,11.883958,0.84421295,1.4341289710329383e-32,7.031844653582264e-31
227,C12orf57,11.782741,0.46599403,4.7909520839950063e-32,2.315258659841852e-30
228,RPS7,11.779682,0.21199629,4.967979107580464e-32,2.397353716691131e-30
229,PPP1CA,11.76319,0.4451171,6.040766332391448e-32,2.8983579578790326e-30
230,SH2D2A,11.750199,1.47852,7.045209988595035e-32,3.361056224715509e-30
231,CDC25B,11.713898,1.0391538,1.0818949933447391e-31,5.14675096266608e-30
232,TOB1,11.686718,0.7910664,1.4903472897449367e-31,7.029995415396018e-30
233,OST4,11.593489,0.23952945,4.446469955819789e-31,2.0885953694437547e-29
234,NSG1,11.495978,1.8390319,1.3820637505282534e-30,6.428800841222824e-29
235,KLRB1,11.467572,0.8501607,1.919706357868463e-30,8.892695004170237e-29
236,CASP8,11.438988,0.7150501,2.6698206735749944e-30,1.2299511778895351e-28
237,ITGB7,11.386186,0.9864186,4.899740111634819e-30,2.247981995403674e-28
238,TBC1D10C,11.371035,0.59033954,5.829262345773384e-30,2.6671459829815522e-28
239,FKBP11,11.3081045,0.92629856,1.1964591397793643e-29,5.429884523669867e-28
240,FCRL6,11.196162,1.5278554,4.257814749846241e-29,1.9116277253057996e-27
241,PRR5L,11.154617,1.8423076,6.7984470313549e-29,3.0441430779383258e-27
242,ACTN4,11.144866,0.61931956,7.585805590954409e-29,3.3876531013239545e-27
243,ANKRD12,11.140385,0.36411265,7.977380004593324e-29,3.557784183431528e-27
244,FAM129A,11.113777,1.0435219,1.0751333802485836e-28,4.782204682596419e-27
245,SSR4,11.098172,0.299403,1.2803599693894398e-28,5.6650016693117454e-27
246,PIP4K2A,11.063033,0.51932496,1.8957541224775772e-28,8.332870479639972e-27
247,KIF21A,11.054365,1.7519212,2.0880949550470636e-28,9.154317464361884e-27
248,STK17A,11.035216,0.52186626,2.5842862304505735e-28,1.1256076830759913e-26
249,ARPC2,10.98604,0.28238592,4.460712866177112e-28,1.9278787127042266e-26
250,HNRNPDL,10.973355,0.2685793,5.1331695530116635e-28,2.2128051474152337e-26
251,STOM,10.954559,0.9582371,6.318493212065153e-28,2.713311464100398e-26
252,MZT2B,10.924661,0.35154694,8.78678126904742e-28,3.754026371991241e-26
253,PPP2R2B,10.875754,1.8164512,1.5040601865646636e-27,6.385211460380466e-26
254,MXRA7,10.87411,1.8657664,1.531433280901206e-27,6.485001183695031e-26
255,RASAL3,10.870692,0.8393852,1.5898930627731715e-27,6.724064759052537e-26
256,MYH9,10.856419,0.35014883,1.858976259940894e-27,7.822628081041116e-26
257,P2RY8,10.778798,0.855396,4.335113282753593e-27,1.7993939266954209e-25
258,SIT1,10.718042,1.6297466,8.37569331979709e-27,3.4382374854266196e-25
259,SSR2,10.654074,0.30719128,1.6689731693175357e-26,6.7847299578874555e-25
260,GLCCI1,10.648272,1.4576325,1.776327041405156e-26,7.21240391218476e-25
261,CCND3,10.611675,0.42473057,2.629896820052177e-26,1.0588412911273698e-24
262,TNIK,10.58961,1.0706246,3.3297559052853925e-26,1.3358056644911661e-24
263,SPTAN1,10.540945,0.7366875,5.593397452038831e-26,2.2332305207914087e-24
264,RPL41,10.51718,0.1795407,7.199584271223917e-26,2.8676918917851274e-24
265,GTF3A,10.468236,0.373994,1.208750220245088e-25,4.7805501045495e-24
266,CD4,10.447212,0.67777807,1.508958644312938e-25,5.946821975671835e-24
267,RPS29,10.407415,0.32681328,2.2936399206041327e-25,9.007505346278853e-24
268,PTGDR,10.406191,1.393366,2.3233343992414577e-25,9.102802462822432e-24
269,C9orf16,10.360867,0.3712165,3.735605912279054e-25,1.446706132632967e-23
270,RBL2,10.350815,0.5907006,4.149395303628318e-25,1.5995680424492707e-23
271,LINC00623,10.331924,0.84407127,5.053612693868651e-25,1.945901980791812e-23
272,TUBA4A,10.283461,0.62951386,8.366820297657517e-25,3.2105997613597e-23
273,BUB3,10.259165,0.63062656,1.076339605336491e-24,4.120807954768863e-23
274,MLLT6,10.238914,0.6476971,1.3271794681211607e-24,5.052320658552496e-23
275,RABAC1,10.129034,0.43638027,4.106881442446391e-24,1.5424030214643568e-22
276,APMAP,10.097857,0.87055314,5.646244041910475e-24,2.1017062450343345e-22
277,NDUFB10,10.044345,0.40367252,9.729166868746356e-24,3.6094778588939743e-22
278,RNF167,10.031498,0.9238498,1.1082184045335122e-23,4.1068982156071745e-22
279,TXN,9.978057,0.47240946,1.9015378959937134e-23,6.992738810947057e-22
280,RPS15A,9.970321,0.24925488,2.0556317211651687e-23,7.551125593038054e-22
281,PLEKHA1,9.9100485,0.8366361,3.764649874898919e-23,1.3723785598299993e-21
282,YWHAZ,9.907927,0.2489249,3.845444634807244e-23,1.4003096868856174e-21
283,CEP78,9.898092,0.9387806,4.242904887487522e-23,1.5433681574463829e-21
284,TXNIP,9.896698,0.28690463,4.3024515107657654e-23,1.5616408957582493e-21
285,ATG2A,9.882956,1.073102,4.935524369294569e-23,1.7856269287745554e-21
286,MYO1F,9.861474,0.44241044,6.114531558160687e-23,2.2026762556132452e-21
287,SIGIRR,9.806073,0.5907698,1.0601397390543694e-22,3.7986075393595556e-21
288,ZBTB44,9.801865,0.74082035,1.1052623250737876e-22,3.951843055258496e-21
289,PRKCQ,9.775798,1.3052403,1.4302576931665358e-22,5.1029768631297105e-21
290,SLFN12L,9.744904,1.0017518,1.9396327365233291e-22,6.883746319314224e-21
291,BCR,9.733768,1.4333842,2.164240842821652e-22,7.672759977436847e-21
292,NFATC2,9.709997,1.1088226,2.733442789672045e-22,9.680486196411938e-21
293,CHCHD2,9.598664,0.22684176,8.098688679734752e-22,2.835217337588143e-20
294,BCL9L,9.593287,0.8254139,8.532209124705135e-22,2.983871007553293e-20
295,RPS18,9.574532,0.25146908,1.0232032027670649e-21,3.5671714152184844e-20
296,KMT2E,9.5573845,0.3318261,1.2077052004722732e-21,4.201661515916919e-20
297,RPL6,9.469493,0.16128059,2.8120588721965165e-21,9.574703599566169e-20
298,KIF2A,9.444062,0.44729736,3.586017668350026e-21,1.213601014743927e-19
299,SOD1,9.433621,0.33156174,3.961703462579239e-21,1.3380424041085851e-19
300,SH2D1A,9.427744,0.9609486,4.1900384594298816e-21,1.41231668193326e-19
301,ARHGDIB,9.414405,0.17408328,4.757693498912568e-21,1.5972324781434407e-19
302,CDC42SE2,9.354047,0.37415344,8.435717357306154e-21,2.8122971046653455e-19
303,LLGL2,9.34092,1.4598913,9.549983533867777e-21,3.177453846814063e-19
304,AGAP1,9.340042,2.437657,9.629552187419525e-21,3.2007524406509023e-19
305,SYTL1,9.328181,0.7280466,1.0770301827486818e-20,3.5622720186415473e-19
306,PLEKHG3,9.325781,1.5771439,1.101693933477937e-20,3.6366743248999066e-19
307,RNF115,9.303854,0.80201817,1.354452831104209e-20,4.462243521569053e-19
308,SELENOW,9.187374,0.43469542,4.0254811181228906e-20,1.2981402474962068e-18
309,S1PR1,9.142019,1.2606156,6.129669946841323e-20,1.965362052362947e-18
310,DGKZ,9.126084,0.51576596,7.102169822266071e-20,2.2641879420072194e-18
311,DDX5,9.121535,0.15454353,7.406761270555973e-20,2.356811759885258e-18
312,BCL7C,9.098667,0.67494917,9.144692429502688e-20,2.9015581334026596e-18
313,GALNT10,9.0531845,1.2245746,1.3885856965892906e-19,4.376916080095078e-18
314,LY6E,9.0521345,0.3440096,1.4020033885538038e-19,4.41506006059319e-18
315,GSTK1,9.048149,0.32566547,1.4541232197288684e-19,4.574895360531594e-18
316,FYN,9.043553,0.38523686,1.5166002128522308e-19,4.758067159835184e-18
317,TSEN54,9.029333,1.1143779,1.7272049049214774e-19,5.393575242202655e-18
318,MT1E,9.027903,2.047362,1.7499297049899507e-19,5.4543812682112426e-18
319,CTSW,9.0239725,0.33560523,1.8138986590546054e-19,5.6485174770077395e-18
320,SPCS2,8.987216,0.37713355,2.5357303900118125e-19,7.874382020390386e-18
321,TRIR,8.914719,0.24093765,4.890552169233068e-19,1.503385322197421e-17
322,DDX6,8.894087,0.38852888,5.890187661313833e-19,1.8090211885086388e-17
323,DDX24,8.888593,0.28010887,6.188750978657342e-19,1.8989783195078675e-17
324,SNRPD2,8.885733,0.26425445,6.350073025872976e-19,1.946697889778134e-17
325,CYFIP2,8.8841915,0.5785435,6.438730318943045e-19,1.972074314490519e-17
326,PTP4A2,8.8614435,0.27112922,7.89852426241036e-19,2.408188242842897e-17
327,HSP90B1,8.824268,0.288743,1.1017728537780552e-18,3.3409817332738167e-17
328,MYO1G,8.807445,0.4314314,1.2803156867135342e-18,3.875381543411417e-17
329,SRPK2,8.805438,0.5789055,1.303421016112603e-18,3.938210273728332e-17
330,RASSF1,8.797634,0.8801468,1.3973120247518207e-18,4.214303119255986e-17
331,TFDP2,8.723226,0.77418274,2.70387775214522e-18,8.03212152802891e-17
332,UBL5,8.67278,0.24076597,4.216947855763686e-18,1.2449647639665713e-16
333,VCL,8.651609,0.5999314,5.077807597726298e-18,1.4912391524741205e-16
334,MIR4435-2HG,8.6088505,1.0983597,7.379690554723595e-18,2.1540475354597034e-16
335,RPL13A,8.600672,0.24554098,7.925096036285053e-18,2.309225637401634e-16
336,SLFN5,8.598087,0.44090357,8.105559305737327e-18,2.3597590971859245e-16
337,IKZF1,8.581152,0.3020355,9.392758265374725e-18,2.7297601967429597e-16
338,TMEM120B,8.563421,0.8701391,1.0956713697151988e-17,3.1787739098190604e-16
339,CCND2,8.539163,0.6750478,1.3519781680103166e-17,3.908848603338793e-16
340,SELENOK,8.50322,0.4275618,1.8440318336673317e-17,5.294960585405391e-16
341,HERPUD2,8.502078,0.7585895,1.862268335962676e-17,5.342750680198137e-16
342,TCF25,8.492484,0.27288625,2.022657801165074e-17,5.797939943202928e-16
343,MGAT4A,8.48887,0.51565754,2.0865664648789102e-17,5.976026139975141e-16
344,PRPF4B,8.477922,0.32706812,2.292502728107013e-17,6.554642497464024e-16
345,CAPN2,8.4415045,0.49004158,3.132778884423715e-17,8.896455395918929e-16
346,GOLGA4,8.422377,0.42319414,3.689214831442569e-17,1.0458908454515712e-15
347,BATF,8.419792,1.3257294,3.771539711449835e-17,1.0683268483328089e-15
348,TMEM181,8.411865,1.0359758,4.0354062162368636e-17,1.1419318557520795e-15
349,RPL7A,8.380409,0.1649233,5.274413369557354e-17,1.4840039898340145e-15
350,USP28,8.379819,1.0538044,5.3009247903930425e-17,1.4902130395658161e-15
351,ISG20,8.362338,0.39475456,6.148758977283386e-17,1.7242230650512557e-15
352,FBXW5,8.360538,0.65449095,6.24332705791773e-17,1.7492790548742259e-15
353,TRAV17,8.307047,3.3265305,9.811285900666585e-17,2.7307129173158168e-15
354,PDIA3,8.305066,0.31230426,9.976390397725494e-17,2.7743630278517217e-15
355,RHOF,8.287407,0.6362249,1.1574440991470158e-16,3.208128941916745e-15
356,ITK,8.283546,0.8175328,1.1956074063282247e-16,3.311171031662758e-15
357,SLAMF1,8.249779,1.9794469,1.5868823581158034e-16,4.351664801838742e-15
358,RPS4X,8.244439,0.17938796,1.6593711611466942e-16,4.535614507134298e-15
359,BCL11B,8.210093,0.50138485,2.2101786259207716e-16,6.016637236698931e-15
360,ANP32E,8.190556,0.4552512,2.60023007990832e-16,7.066978640191673e-15
361,CD48,8.188828,0.1842048,2.637819136394815e-16,7.157538689029879e-15
362,ODF2L,8.175773,0.61385167,2.9397537497215374e-16,7.95750292640524e-15
363,CIRBP,8.1648655,0.21940435,3.2179378868791784e-16,8.68946866748421e-15
364,KIF19,8.156117,3.393493,3.4596528052865103e-16,9.327157217339146e-15
365,CBLB,8.14524,0.8233166,3.7853119935857034e-16,1.0188747483216478e-14
366,RAC2,8.139931,0.21257238,3.955033506302509e-16,1.0628518728715829e-14
367,NCOA7,8.122712,0.6796828,4.558791867508612e-16,1.2211881921126504e-14
368,TRAT1,8.113006,0.7571878,4.938262643636774e-16,1.3217833403215493e-14
369,TSPAN2,8.096461,1.7080597,5.658079074182547e-16,1.510833248327502e-14
370,LINC02384,8.056699,1.7288326,7.838267644151639e-16,2.0846932612970474e-14
371,PLEKHF1,7.971487,1.4502792,1.5677655557513634e-15,4.1271366725894215e-14
372,TRG-AS1,7.9544134,0.95474565,1.7998185777832693e-15,4.726884531064627e-14
373,ATP5IF1,7.941589,0.26472968,1.9960767494253922e-15,5.230032970486625e-14
374,COX6C,7.9074183,0.20727974,2.6278190761072782e-15,6.842530758888657e-14
375,TERF2IP,7.845802,0.38524336,4.3019594471281285e-15,1.108986286992953e-13
376,COX7A2,7.844707,0.21408524,4.339661600999268e-15,1.1178461657013321e-13
377,SLC38A1,7.839798,0.47646338,4.512717724764569e-15,1.159751165158269e-13
378,CCDC186,7.8333387,0.6130493,4.750812386738838e-15,1.219072271051623e-13
379,TTC16,7.801311,2.3275363,6.126723441612317e-15,1.5637598994276552e-13
380,GLS,7.7744327,0.53564256,7.578641075268016e-15,1.9284708981968034e-13
381,EBP,7.73307,0.9128697,1.0498379133391532e-14,2.659325070813332e-13
382,LCP1,7.730874,0.2996848,1.0681045217846876e-14,2.703553920876593e-13
383,JAKMIP1,7.6980267,1.9668792,1.381835167421625e-14,3.471459763669398e-13
384,ZFYVE28,7.667016,1.5793602,1.7604368786193266e-14,4.412670555690207e-13
385,F2R,7.6407447,1.286972,2.1596869735603914e-14,5.389254592207471e-13
386,ARGLU1,7.6221786,0.19746292,2.4942982654232438e-14,6.201169401465141e-13
387,PRR5,7.6174874,0.9552824,2.5866151793877322e-14,6.416412713484153e-13
388,CCSER2,7.6040926,0.5718593,2.8690956609958706e-14,7.096145300772825e-13
389,RPS15,7.577078,0.13954076,3.5342478059559844e-14,8.721972252844136e-13
390,RPS27L,7.557156,0.30315924,4.1197758524314763e-14,1.0114864021877515e-12
391,NCL,7.5433736,0.20016025,4.579663061921421e-14,1.1211148888373766e-12
392,RPS10,7.529465,0.17394412,5.0948526311472994e-14,1.2445095960919019e-12
393,CYTIP,7.4814043,0.30127686,7.353247833752736e-14,1.7831758918900886e-12
394,CFAP97,7.433223,0.58430845,1.0598299933793437e-13,2.546173231945303e-12
395,MRPL10,7.3185024,1.0248733,2.5075342244158487e-13,5.893320449786877e-12
396,HIST1H1E,7.3031635,0.4779082,2.81078878583009e-13,6.592184216725144e-12
397,XBP1,7.2567616,0.40646005,3.964682553596129e-13,9.189186142536764e-12
398,GOLGA8B,7.213644,0.6391093,5.44740662320516e-13,1.2521941283691204e-11
399,RAB29,7.176791,0.63090616,7.136647621176895e-13,1.6326663568828836e-11
400,RPL27A,7.1708755,0.17832026,7.451970443607807e-13,1.7036413410887433e-11
401,PDZD4,7.1633773,2.0832672,7.871338158092687e-13,1.7982897761996768e-11
402,DDIT4,7.149937,0.36682057,8.681777859383999e-13,1.978053436467531e-11
403,BPTF,7.1297703,0.27078253,1.0053643154688768e-12,2.275162510944345e-11
404,TPT1,7.111071,0.09950953,1.1514583002651736e-12,2.5952693867132656e-11
405,DNAJC8,7.104962,0.29174396,1.2035577668815045e-12,2.709055059441067e-11
406,PTPRA,7.099839,0.44574538,1.2490220667311155e-12,2.803862253951014e-11
407,ICAM3,7.059874,0.26071197,1.6665349589345113e-12,3.718712538439497e-11
408,PTPN22,7.059147,0.6821611,1.6752800657046697e-12,3.735740880558724e-11
409,APOBEC3C,7.054655,0.55585456,1.7302914485354674e-12,3.850730895884705e-11
410,HMGB2,7.0505786,0.28488177,1.7817523452865751e-12,3.9576500687696406e-11
411,KRTCAP2,7.0483403,0.48744774,1.8106426587501176e-12,4.0162257598651745e-11
412,SNRPB,7.035149,0.27088946,1.9904787367473407e-12,4.394777871825695e-11
413,RALGDS,7.0328536,0.90966284,2.0235168644626177e-12,4.458916465200215e-11
414,LINC00944,7.0038037,2.4141839,2.4910493477490085e-12,5.453316777076126e-11
415,LINC00861,7.0009007,0.44194296,2.5432213658363758e-12,5.5638981192055035e-11
416,AGPAT4,6.9883323,1.6179667,2.7817310126336594e-12,6.061968466647672e-11
417,ATP5MD,6.96084,0.23418255,3.382488351870153e-12,7.32355676856173e-11
418,AKR1C3,6.9033217,1.0714121,5.0800349027801105e-12,1.0858776964272743e-10
419,SRI,6.8929124,0.4083653,5.466147255547437e-12,1.1646991528370392e-10
420,BOLA3,6.8744245,0.9573059,6.224072307057393e-12,1.3186540558060067e-10
421,PEBP1,6.8648205,0.31674966,6.657500587494121e-12,1.4095912544405165e-10
422,ZBP1,6.859684,1.0167037,6.901310305152746e-12,1.4602911357363583e-10
423,NUCKS1,6.8579483,0.25680727,6.985661830204451e-12,1.4772076069444949e-10
424,SYT11,6.839295,1.3368831,7.958388115193769e-12,1.6734070257515273e-10
425,ZFPM1,6.834867,0.89379805,8.20810138481169e-12,1.7237526878134908e-10
426,MT-CO1,6.799747,0.13100843,1.048030530913175e-11,2.1885957625010004e-10
427,ATRX,6.7950816,0.23015834,1.0825108164872279e-11,2.256385814999916e-10
428,CAMK2N1,6.7503967,2.1646752,1.474415386293755e-11,3.0542892665546605e-10
429,TUT4,6.739196,0.38751438,1.5926550713749082e-11,3.289068090133724e-10
430,DNAJB1,6.727247,0.49135154,1.729027833312606e-11,3.566305994688695e-10
431,JAK1,6.720439,0.13995185,1.811776654598143e-11,3.734687488746928e-10
432,STK4,6.702034,0.16718711,2.055381485445841e-11,4.223859329588395e-10
433,COPS9,6.69126,0.27813035,2.212576567004059e-11,4.535781962358321e-10
434,RPL26,6.680851,0.090259,2.3755843506274836e-11,4.861034042180875e-10
435,PREX1,6.648729,0.445371,2.956346598825671e-11,6.009088014025173e-10
436,NCALD,6.6462445,1.3348054,3.0066558558793626e-11,6.107645311597945e-10
437,RNF166,6.638693,0.45691013,3.164771138218412e-11,6.405557901844846e-10
438,HERPUD1,6.6088567,0.3812427,3.872997705524161e-11,7.806045495665223e-10
439,RPA2,6.6056056,0.6126023,3.958959643507541e-11,7.964942322972759e-10
440,LINC002481,6.5770626,2.184338,4.7983202069579505e-11,9.556179519059129e-10
441,N4BP2L2,6.5313,0.16926454,6.520125320824693e-11,1.2901000767540919e-09
442,APBB1IP,6.522678,0.26824528,6.906309284630612e-11,1.3640977667134363e-09
443,SEPT1,6.4926596,0.5126161,8.433405646042669e-11,1.6598565643015202e-09
444,CDK11A,6.482215,0.5038512,9.038572076714549e-11,1.7758384903857795e-09
445,SLAMF6,6.4763036,0.9483149,9.399692973985977e-11,1.8424716713123418e-09
446,SBK1,6.474059,1.2623317,9.540448488687542e-11,1.867878350342106e-09
447,ZNF276,6.4688835,0.666936,9.872967074187921e-11,1.9318527989154874e-09
448,PERP,6.4575152,2.4338498,1.0643610948620489e-10,2.0802180885479837e-09
449,TBCB,6.450654,0.4996408,1.1136863925934531e-10,2.1740869752502463e-09
450,PRPF38B,6.450297,0.2566241,1.1163135991416753e-10,2.177947963235224e-09
451,RAB9A,6.446759,0.77197176,1.1426699070921361e-10,2.2267788113919852e-09
452,MOB2,6.4327717,0.757178,1.2529763061538354e-10,2.4290358009125626e-09
453,ZNF428,6.400482,0.5843228,1.5488685256930467e-10,2.9836848141696383e-09
454,DYNC1H1,6.380431,0.38717023,1.7659012487453453e-10,3.3842740617383654e-09
455,TRAPPC10,6.3599877,0.52224886,2.0176956000953987e-10,3.844856536136334e-09
456,NSD3,6.354336,0.25380936,2.0932908751765114e-10,3.982120781149736e-09
457,S1PR4,6.347092,0.44808644,2.1942278513259625e-10,4.167044942116089e-09
458,CRBN,6.346828,0.43422687,2.1979957420665898e-10,4.171838211512693e-09
459,PEPD,6.330679,0.6986754,2.4408505475418e-10,4.609304372942392e-09
460,THRAP3,6.310529,0.24618436,2.7808265818344147e-10,5.230698928859372e-09
461,EID1,6.3079576,0.2164455,2.827413153174607e-10,5.315346543227017e-09
462,TRMT112,6.299071,0.27539396,2.9943517925483387e-10,5.616586712443299e-09
463,MPHOSPH8,6.289063,0.24977279,3.193883099116801e-10,5.980818055733069e-09
464,FBXO32,6.27508,1.0622681,3.494541252893849e-10,6.536526745095031e-09
465,KRT10,6.238342,0.32015792,4.4223292778690976e-10,8.23520706947106e-09
466,SLAMF7,6.2354593,0.77330667,4.5045428116241584e-10,8.378999268788187e-09
467,EEF1D,6.227987,0.097686246,4.724663055291791e-10,8.773851027041864e-09
468,RPS12,6.2248473,0.16197419,4.820246147379286e-10,8.936507202366307e-09
469,CD69,6.2072906,0.27457434,5.390577185731599e-10,9.944399210949747e-09
470,SPCS1,6.1909137,0.18891291,5.981645451454159e-10,1.0998488220990656e-08
471,BHLHE40,6.178731,0.7345378,6.461880670391384e-10,1.1861989815193555e-08
472,ASCL2,6.1781063,0.9876722,6.487507269753967e-10,1.1902517440536572e-08
473,RAN,6.168532,0.20500216,6.892703063243942e-10,1.261142800518687e-08
474,NFATC3,6.160036,0.49325797,7.27283288033955e-10,1.3277967835646589e-08
475,TMX4,6.151653,0.5022899,7.667948575031661e-10,1.3968911423650833e-08
476,SFXN1,6.150782,0.64401215,7.710167951019276e-10,1.4038198303001329e-08
477,CEMIP2,6.1381407,0.66371036,8.34929020717842e-10,1.5168932555165213e-08
478,BRD7,6.1119285,0.33157912,9.843422891481237e-10,1.7758403277810526e-08
479,LY9,6.092064,0.8102765,1.1146415795926808e-09,2.0044423215216798e-08
480,GCLM,6.085591,1.0153551,1.1606243420729044e-09,2.086013889841429e-08
481,CFH,6.0753155,2.5289757,1.2374420583189195e-09,2.2205099920759722e-08
482,CHD3,6.0671964,0.38059562,1.3016236144216692e-09,2.3294478538139778e-08
483,LAIR2,6.0447054,1.5637151,1.496832890588763e-09,2.671726813598621e-08
484,STK10,6.037289,0.32114974,1.5672459195879708e-09,2.7943803110654633e-08
485,WDR54,6.0146255,1.0450068,1.803031154499439e-09,3.196091905898636e-08
486,DYNLT3,6.0138407,0.715733,1.8117878706892137e-09,3.209917676026141e-08
487,ANKRD11,5.9226785,0.21609855,3.167400538856448e-09,5.492672144372676e-08
488,CCDC167,5.8979597,0.76191604,3.6802345839239934e-09,6.339378915030451e-08
489,GON4L,5.863149,0.4986501,4.541699341650576e-09,7.775370725894691e-08
490,IDS,5.851495,0.35070774,4.871738900646554e-09,8.31070087741018e-08
491,SNRPF,5.845625,0.28535378,5.046703996035062e-09,8.600424726576419e-08
492,APRT,5.836926,0.16052778,5.317271880623463e-09,9.033068481511849e-08
493,UCP2,5.835183,0.23045506,5.373157546108705e-09,9.119684098248672e-08
494,GAB3,5.8284073,0.8062104,5.595883114263046e-09,9.492904799501974e-08
495,PPP1R12A,5.812819,0.2682859,6.142954879105946e-09,1.0384194593520929e-07
496,TMEM59,5.7782426,0.20663954,7.54849997807699e-09,1.2677095256121486e-07
497,COMMD6,5.734785,0.12220095,9.763596441965338e-09,1.621047017181354e-07
498,GATA3,5.709098,0.73288,1.1357653568879763e-08,1.8764186472565984e-07
499,AKAP13,5.701136,0.18215817,1.1901168692218513e-08,1.963312324641537e-07
500,EOMES,5.691133,1.1900434,1.2619930804489673e-08,2.0777969529748385e-07
501,RASA3,5.6735644,0.49057522,1.3985659259306427e-08,2.2880538548225316e-07
502,CLSTN3,5.6680703,1.3411306,1.4441453936645242e-08,2.3591694209800688e-07
503,ANKRD36C,5.6655207,0.54643965,1.4657856110073326e-08,2.3921906482707504e-07
504,MDFIC,5.65726,0.5151412,1.538089356771743e-08,2.5077511350223975e-07
505,PSMB8,5.6544027,0.19072467,1.5638898872600692e-08,2.548578184593207e-07
506,RWDD1,5.653401,0.2995672,1.5730380413196328e-08,2.5622413710431203e-07
507,ARHGAP25,5.6470375,0.4974446,1.632362574153074e-08,2.656291897716924e-07
508,TPST2,5.6354647,0.45508182,1.7458713220137618e-08,2.8327543491871093e-07
509,SRRM1,5.6008415,0.14446676,2.133136067820744e-08,3.439476800123659e-07
510,RPL17,5.587747,0.15675348,2.3003405088322e-08,3.700183212720111e-07
511,TUBA1B,5.5866327,0.23537698,2.3151434104325656e-08,3.722208998038705e-07
512,CAPZB,5.5824084,0.18376015,2.3721069200256353e-08,3.8101399369645476e-07
513,AUTS2,5.570307,1.0620954,2.5429097159635386e-08,4.074730341805311e-07
514,SRRM2,5.568644,0.11747621,2.567293461327237e-08,4.1118380184332795e-07
515,RPS21,5.564479,0.15468471,2.629370487622013e-08,4.2052373587919437e-07
516,SPEF2,5.5592623,1.6378933,2.7091729158444635e-08,4.324618812546007e-07
517,FUT11,5.547333,1.0324223,2.90059982582861e-08,4.608257553701559e-07
518,TAPBP,5.542074,0.18232876,2.989097620881508e-08,4.746607765583524e-07
519,JAKMIP2,5.530601,1.4599361,3.191357945313895e-08,5.055822521017355e-07
520,CYB561,5.528733,1.5486364,3.225526625940404e-08,5.107540697865404e-07
521,URI1,5.514338,0.34475592,3.5009548956946605e-08,5.52541295490859e-07
522,SCP2,5.50337,0.32374242,3.725999178552317e-08,5.866786875600359e-07
523,RAB11FIP5,5.495435,2.7083876,3.897476837414306e-08,6.128156501322127e-07
524,PLEK,5.485384,0.12437511,4.125718106625947e-08,6.468832812530201e-07
525,CXCR3,5.472862,1.6295425,4.428251630065452e-08,6.920536028384676e-07
526,PXN,5.469771,0.6111471,4.506180546802574e-08,7.029222473426266e-07
527,ATF7IP2,5.4660273,0.61360157,4.602337486665249e-08,7.169214799246591e-07
528,KMT2A,5.4589467,0.25939998,4.789673117864012e-08,7.454109374799223e-07
529,HPGD,5.4552956,1.6457859,4.8891481736956114e-08,7.601866084812397e-07
530,NDUFA1,5.4493365,0.15987778,5.0558041440475627e-08,7.835561893857078e-07
531,ARF6,5.4480414,0.24429685,5.092750432225888e-08,7.885533887164905e-07
532,NDUFA4,5.4452224,0.13261148,5.174064897802864e-08,8.000359084486511e-07
533,MARCH9,5.441671,0.6880075,5.2783172690526304e-08,8.154039823559978e-07
534,TMCO1,5.438584,0.39185384,5.3705779306027356e-08,8.292745977741922e-07
535,UQCR11,5.4099402,0.12779388,6.304575693373263e-08,9.690323538237968e-07
536,PITPNC1,5.396249,0.5695456,6.804852312467206e-08,1.0411548214211914e-06
537,STUB1,5.3849015,0.33286732,7.248433872657729e-08,1.1054932934115275e-06
538,SELPLG,5.3799167,0.34296703,7.452030778516298e-08,1.1339664621137914e-06
539,RUVBL1,5.360505,0.7859179,8.2989528705709e-08,1.2582743280886385e-06
540,CDC37,5.2740335,0.2384373,1.334575094381809e-07,1.999954401938209e-06
541,RSRP1,5.261667,0.18159726,1.4275549194126498e-07,2.1316712772600825e-06
542,UTRN,5.258979,0.18299489,1.448574573470588e-07,2.1611340767373925e-06
543,SF3B2,5.2338433,0.21775417,1.6602103591772642e-07,2.457199250930586e-06
544,GPRIN3,5.233124,0.67123145,1.66668907345381e-07,2.4656999623067437e-06
545,RFC1,5.23116,0.40030336,1.684495842897189e-07,2.4909445140690443e-06
546,SPSB3,5.2296867,0.5015882,1.697974457017354e-07,2.5097693847266645e-06
547,CIB1,5.2294717,0.24679989,1.6999522442435654e-07,2.5115858311647883e-06
548,NDUFC2,5.22186,0.26095688,1.7713491909890846e-07,2.6124674216091436e-06
549,AC243960.1,5.2084007,0.52146256,1.9047510629102263e-07,2.7993663956127593e-06
550,SAP18,5.197438,0.14442381,2.0205406331325847e-07,2.9682387978099264e-06
551,OCIAD2,5.1891,0.4008784,2.1131328017059555e-07,3.098830253765384e-06
552,VPS13A,5.177354,0.68217963,2.250551619098642e-07,3.2874129007548023e-06
553,RPL27,5.1341543,0.092869654,2.83415558349341e-07,4.102369873077341e-06
554,MT-ND6,5.124622,0.24710934,2.981358355108951e-07,4.3005933984363015e-06
555,FAM53B,5.1113853,0.8223839,3.198050828410126e-07,4.599323699966502e-06
556,TAP1,5.1077747,0.47763363,3.259749216591054e-07,4.68403895569969e-06
557,AC245297.3,5.1020894,0.36985496,3.3592376606053147e-07,4.820800712938855e-06
558,BTN3A1,5.097138,0.59593,3.448268082154758e-07,4.940111701807188e-06
559,TNFAIP3,5.0775566,0.096003644,3.823191456936534e-07,5.45162394059258e-06
560,CCDC12,5.072596,0.30175444,3.9242537763125997e-07,5.59097804375412e-06
561,ADGRE5,5.0718255,0.27625543,3.9401786797743983e-07,5.611282911349205e-06
562,CREM,5.0539947,0.7467226,4.3266324689437545e-07,6.125225822855029e-06
563,TMSB10,5.047094,0.08369948,4.4858127352839617e-07,6.3398730516626e-06
564,LTBP4,5.034178,1.2836586,4.799042770339429e-07,6.742785774262412e-06
565,ZNF600,5.032628,0.9607535,4.838013304385008e-07,6.79469389457556e-06
566,CD53,5.0185156,0.15837163,5.207222940541339e-07,7.294897367580427e-06
567,CDC42EP3,5.0070634,0.39388886,5.526672900355005e-07,7.710214464729874e-06
568,ABCA2,5.001926,1.4701842,5.676032532499408e-07,7.912002455318583e-06
569,DDX46,4.992488,0.18570912,5.960638412787437e-07,8.28581783115781e-06
570,ERN1,4.9924603,0.6421879,5.961499918475698e-07,8.28581783115781e-06
571,MNAT1,4.981451,0.6556496,6.310918963095865e-07,8.738876968798892e-06
572,SEC11C,4.970492,0.401469,6.678317436591358e-07,9.232374698615044e-06
573,IL18R1,4.960723,1.2034223,7.023134800996706e-07,9.693082096947635e-06
574,WIPF1,4.957182,0.20246722,7.152293891355461e-07,9.867282292401457e-06
575,MECP2,4.9529185,0.44886643,7.31086250910047e-07,1.006142642349316e-05
576,TMEM50A,4.943718,0.20737791,7.664652694307726e-07,1.0513583724404602e-05
577,C9orf78,4.929005,0.19577695,8.264932100381282e-07,1.1286208989519033e-05
578,HP1BP3,4.917475,0.17182451,8.766755126574152e-07,1.1937451621398454e-05
579,LPIN2,4.911223,0.47673923,9.051002055654897e-07,1.231450332424154e-05
580,SEC61G,4.9109664,0.18738769,9.062854079963619e-07,1.2325628553682882e-05
581,RAPGEF1,4.909466,0.5313639,9.132487801000717e-07,1.2410266445298301e-05
582,AFDN,4.9062033,1.6157475,9.285631647278492e-07,1.2608158469086074e-05
583,CACNA2D2,4.890042,2.231347,1.0081443900634892e-06,1.3622540916176187e-05
584,DBF4,4.8861656,0.7458271,1.0281881225957071e-06,1.3871027053746914e-05
585,CDC42,4.8842006,0.10266517,1.0384935191392158e-06,1.400442124844834e-05
586,AP2B1,4.874132,0.42819667,1.0928774764387654e-06,1.4702336464020585e-05
587,FAM117A,4.871141,0.63819873,1.1095556208559828e-06,1.4914740044997174e-05
588,CLIC1,4.8685007,0.20216857,1.1244821515685981e-06,1.510327689199345e-05
589,IL18RAP,4.857827,1.1671389,1.1868091793856261e-06,1.5908555658767036e-05
590,B3GAT1,4.8549237,2.218319,1.2043300477163744e-06,1.612408029553364e-05
591,RAP2A,4.8442583,1.0965686,1.270853708435041e-06,1.6994374670452314e-05
592,SLC2A4RG,4.844168,0.6322599,1.271432589074428e-06,1.699533924765969e-05
593,GFI1,4.843262,2.0082843,1.2772453326619564e-06,1.705944005050446e-05
594,PCID2,4.8352895,0.7448389,1.3295206659180254e-06,1.7736461453285096e-05
595,MAP4,4.8166165,0.5391834,1.4601304974761701e-06,1.9409376386982084e-05
596,PSMA7,4.8136563,0.14659636,1.4819350105537735e-06,1.968361836988216e-05
597,GRAP2,4.794622,0.5134544,1.629817241917669e-06,2.15965273249446e-05
598,TPRG1,4.794238,2.4999702,1.632941422740023e-06,2.162937971400272e-05
599,NEDD8,4.7908306,0.14758761,1.6609235310010628e-06,2.1965320734508533e-05
600,ADH5,4.7881827,0.40344605,1.6829835403989695e-06,2.221326327347526e-05
601,IDH2,4.782533,0.51729006,1.7310001692622182e-06,2.2838034491233783e-05
602,ARIH2,4.7812243,0.49274236,1.7423107279109423e-06,2.2978221467824293e-05
603,MAP1LC3B,4.772205,0.22332479,1.8221986721137186e-06,2.3956448085201843e-05
604,RPS2,4.7714186,0.12333798,1.829329615912116e-06,2.40407745526883e-05
605,C1orf56,4.735915,0.29058293,2.1806884257618413e-06,2.845755969774344e-05
606,ARHGEF3,4.7286,0.5259514,2.260734530616401e-06,2.9433429614834187e-05
607,TPM3,4.7269115,0.12045363,2.2796069731586352e-06,2.965611274856257e-05
608,LINC00649,4.720821,1.1819272,2.348948505392806e-06,3.0511865644214658e-05
609,CCDC85B,4.7110496,0.212892,2.464441703933534e-06,3.196150265526793e-05
610,CENPC,4.7072697,0.38759655,2.51056687826961e-06,3.2547117109936676e-05
611,ARHGEF1,4.703465,0.20918153,2.5578277484934862e-06,3.3128278234862794e-05
612,S100A6,4.684339,0.119882196,2.808649687986381e-06,3.618766547663744e-05
613,MZT2A,4.6755137,0.31971923,2.9321871891267255e-06,3.7750362360434596e-05
614,EPB41,4.6741357,0.21900663,2.9519398234202497e-06,3.799008357554426e-05
615,TXNL4A,4.6676307,0.30870926,3.0469322418100087e-06,3.909258359824945e-05
616,MAP4K1,4.660453,0.9789145,3.1551471777653934e-06,4.040371364944474e-05
617,SP140,4.6585746,0.50828815,3.1840648433721365e-06,4.074290985006284e-05
618,LINC02084,4.6571875,1.4708265,3.205582920807018e-06,4.09713567065647e-05
619,DDHD1,4.65614,0.49206734,3.221934173941562e-06,4.114898260687438e-05
620,ARID4B,4.6541095,0.17505606,3.2538406176677054e-06,4.1477501571774805e-05
621,KANSL1,4.6462126,0.24744362,3.3808476601360585e-06,4.299843338097957e-05
622,RAB27A,4.632021,0.36214215,3.6211315355160807e-06,4.5905738224131003e-05
623,PLAC8,4.625964,0.14801729,3.7285936032603813e-06,4.7135157280869455e-05
624,PRRC2C,4.6130233,0.08393462,3.968537743410757e-06,4.9961268332774015e-05
625,TENT5C,4.6067715,0.76317924,4.089690122049302e-06,5.135156395106308e-05
626,RPLP0,4.6017427,0.15977429,4.189709210071428e-06,5.2528772892476835e-05
627,XRN1,4.6015234,0.33390442,4.194119660417247e-06,5.256441897274799e-05
628,HNRNPA3,4.5831532,0.10166804,4.5801626336529e-06,5.704028756310841e-05
629,DTD1,4.570943,0.7306366,4.855342690927369e-06,6.0377635583360066e-05
630,UBE2L3,4.566083,0.21273439,4.969219464206937e-06,6.165656026288282e-05
631,SCML4,4.562383,0.60834545,5.057623796034204e-06,6.266072658714264e-05
632,ARNTL,4.561367,0.8454193,5.082160271171874e-06,6.294146646032582e-05
633,GPR171,4.539385,0.89786685,5.6418551743494125e-06,6.964171469905433e-05
634,SKP1,4.536199,0.08488065,5.727707571323164e-06,7.062347666435158e-05
635,TAGLN2,4.5360427,0.11218422,5.731952141050674e-06,7.064983862791529e-05
636,ARL6IP1,4.530444,0.36050406,5.885978531882259e-06,7.24950231370794e-05
637,CAST,4.5213428,0.16662641,6.144857319612597e-06,7.55448038068795e-05
638,HNRNPF,4.517471,0.17472987,6.258263268126318e-06,7.679825594087832e-05
639,ZNF831,4.483328,0.9551198,7.348782399488529e-06,8.939552561263921e-05
640,TMEM14B,4.459508,0.28918323,8.214802551755404e-06,9.931796971188635e-05
641,TRAF3IP3,4.4535685,0.13557214,8.445474840475155e-06,0.00010195980388763706
642,LPIN1,4.453182,0.61209834,8.460688819990921e-06,0.0001021067224342769
643,AC058791.1,4.449003,0.718901,8.62696825292186e-06,0.0001039264587882519
644,PRKACB,4.436599,0.36440262,9.13913645790252e-06,0.00010982026460950724
645,IK,4.4073358,0.16209087,1.0464994527642094e-05,0.00012485769707152634
646,NCOR1,4.403088,0.18350844,1.0672071086310524e-05,0.0001271022443510946
647,HIST1H1D,4.395871,0.36031464,1.10329354307097e-05,0.00013107424317220756
648,YPEL1,4.393335,0.85022163,1.1162491648991647e-05,0.00013242576757123518
649,IFNG,4.368545,2.341069,1.2507691130033451e-05,0.00014754940032327187
650,SEPT6,4.367123,0.1766817,1.2589389619989544e-05,0.00014835662300604686
651,PIM1,4.363,0.45795348,1.2829091020992095e-05,0.00015107515964256772
652,EPS15,4.3488255,0.40276802,1.3686855482213197e-05,0.00016078100145795662
653,NDUFA5,4.3466177,0.30295545,1.3825302867885389e-05,0.00016229366733746595
654,RBM39,4.3459544,0.08153212,1.3867132800538747e-05,0.0001627277466285754
655,LUC7L3,4.336852,0.123243116,1.4453785471012661e-05,0.00016943413391360456
656,HOXB2,4.3343143,1.0666271,1.4621515093373981e-05,0.0001713404518524027
657,LIMA1,4.32853,1.0280712,1.5010797736760913e-05,0.00017571802251151398
658,DNAJB6,4.3282914,0.21529225,1.5027057103434523e-05,0.0001758469787630799
659,MIB2,4.3277335,0.6961432,1.506515518088858e-05,0.00017616986557065592
660,TCEA1,4.312382,0.16659962,1.6150479487358434e-05,0.00018794406004407605
661,UFC1,4.3019934,0.20804098,1.692684670985305e-05,0.00019649001900977277
662,ODC1,4.299552,0.37497848,1.71143598545204e-05,0.00019840352602865717
663,ZEB2,4.2925286,0.17602688,1.7664960714529213e-05,0.00020464506129322304
664,PDIA6,4.278292,0.27152494,1.8833285126413325e-05,0.00021704412899993373
665,DYNLRB1,4.2782507,0.22691037,1.8836782387616344e-05,0.00021704412899993373
666,DCTN3,4.258947,0.31002206,2.0539246591475806e-05,0.00023542216410967723
667,ADD3,4.2545075,0.16749033,2.095095680750462e-05,0.00023997718217557716
668,SRP9,4.2544026,0.18946011,2.0960804416731728e-05,0.0002400080090571351
669,KLHDC4,4.2417397,0.7153597,2.2179393569371634e-05,0.00025283905558449554
670,HINT1,4.2410684,0.09597201,2.224583712708996e-05,0.00025351032469192767
671,ADGRG5,4.2332444,1.4590108,2.3034375174621896e-05,0.0002617847762136459
672,CMC1,4.2292733,0.33133814,2.344472775709011e-05,0.0002660475214533541
673,HMOX2,4.228649,0.42762417,2.350986009522033e-05,0.0002666464957299626
674,TTC14,4.2215,0.24540773,2.4268220010563975e-05,0.0002745050801734552
675,SLF1,4.2101865,0.7977976,2.5515974667312058e-05,0.0002877453794190692
676,SSNA1,4.1909175,0.30051947,2.7782859392119015e-05,0.00031236390824434715
677,ABHD14A,4.18407,0.7706809,2.8633596137934805e-05,0.00032106771891476346
678,MT-CO2,4.1822658,0.06478492,2.8861836381583363e-05,0.00032351880633875094
679,PARP1,4.1782126,0.28774083,2.9380890559214158e-05,0.0003287875567483899
680,AC020659.1,4.1770563,2.0819001,2.9530579075281402e-05,0.00033024226776485083
681,RHOC,4.1525316,0.32968363,3.288171137639452e-05,0.00036564550269944273
682,PAM,4.151579,1.4012254,3.301894266025252e-05,0.0003670498173482098
683,CLSTN1,4.141093,0.5721478,3.45655388901298e-05,0.00038335285823319214
684,MED4,4.1379147,0.3412451,3.5047674524154635e-05,0.000388314802838156
685,ATF7IP,4.137741,0.23831372,3.5074198738967974e-05,0.0003884803425718322
686,PA2G4,4.1366687,0.18938841,3.5238424407630246e-05,0.00039017044495975677
687,RHOH,4.135818,0.36336654,3.536921600919065e-05,0.00039148936188654657
688,PLEKHA5,4.135539,1.699763,3.541226473280823e-05,0.00039170730033275805
689,SON,4.1340938,0.07681243,3.563583100257199e-05,0.0003939204021635661
690,TRANK1,4.131025,0.6274432,3.6114951304610824e-05,0.00039895363532741694
691,DOK2,4.1222982,0.22717783,3.751113565511921e-05,0.0004135596540438488
692,NDUFB8,4.1061006,0.15589,4.02394481026073e-05,0.0004421856521838937
693,LAG3,4.1055098,1.2241853,4.034245418906552e-05,0.0004431723644260987
694,RNPEPL1,4.102188,0.30250254,4.092615875117755e-05,0.00044936345903793027
695,TMED4,4.095286,0.3432453,4.216478917544146e-05,0.0004622826738692238
696,MIER1,4.0875564,0.27385694,4.359408024996483e-05,0.00047671321323029895
697,STIM2,4.084273,0.41850632,4.421503233468131e-05,0.00048302402424773346
698,NOP53,4.083201,0.10316101,4.4419575437527e-05,0.0004846271050825571
699,KIAA2026,4.0642004,0.35157186,4.819742437728114e-05,0.0005224451256513429
700,FDX1,4.061416,0.5425143,4.877589766987537e-05,0.0005285447677067141
701,EHD1,4.0555816,0.37608618,5.0009670645220735e-05,0.0005408656349885241
702,FIS1,4.0301013,0.19035624,5.5752860571628706e-05,0.0005972019922872193
703,PDE3B,4.0223336,0.47729138,5.762440323691745e-05,0.0006154800113884514
704,ATP8B2,4.0189233,0.66735065,5.8464726679227705e-05,0.0006238593711002032
705,IFITM1,4.0139337,0.41789323,5.9715110941642124e-05,0.000636508332221623
706,ACTG1,4.0055285,0.09803468,6.18789978624421e-05,0.0006586199434799371
707,ZNF292,3.9980085,0.26473194,6.387766233391555e-05,0.0006783815830762697
708,PTTG1,3.9959733,1.4064479,6.442899925027813e-05,0.0006833712134268906
709,PDE4D,3.9946551,0.5669847,6.478850510168752e-05,0.0006863161352180657
710,CMPK1,3.982123,0.21973526,6.830241532787453e-05,0.0007208075535765437
711,EED,3.9760766,0.86327034,7.00615740658862e-05,0.0007382108297272043
712,PBDC1,3.9620037,0.6276449,7.432334961471253e-05,0.0007796861117854954
713,PPP3CC,3.9591708,0.6551806,7.521044442265876e-05,0.0007884988699740948
714,SSBP1,3.954626,0.15156765,7.665446298627676e-05,0.0008028848780867427
715,NAE1,3.9489236,0.47073147,7.850343844630035e-05,0.0008207133162755676
716,GALM,3.9423926,1.0890292,8.067277468270559e-05,0.0008424684954773378
717,SEPT9,3.9055903,0.14203835,9.399562652091625e-05,0.0009723705497404347
718,RGS9,3.9024918,1.1924258,9.520750283173264e-05,0.0009833905851464888
719,CELF2,3.8953433,0.123567484,9.805973209347841e-05,0.0010109828757919087
720,FMN1,3.8888063,1.2088354,0.00010073849531099529,0.0010376436289128254
721,POMP,3.8817062,0.17596273,0.0001037261517779956,0.0010664523845280245
722,PSIP1,3.8801901,0.19665846,0.00010437487131459578,0.0010727932682037737
723,PPP1R7,3.8792317,0.34947458,0.00010478688184376135,0.0010766980524742856
724,RAP2B,3.871951,0.2909037,0.00010796761809664664,0.0011063299650856508
725,A2M-AS1,3.8549926,1.7557319,0.00011573313505239219,0.0011822899431578218
726,MRPL41,3.8533866,0.3284177,0.00011649525498506375,0.0011897131125727979
727,GSPT1,3.8487735,0.363486,0.00011871067096312427,0.0012101271984076784
728,BRD1,3.844932,0.48599812,0.00012058582448333422,0.001227749660449928
729,ANKRD39,3.8300548,0.95491666,0.000128114735851354,0.0012996709047134636
730,DEK,3.827362,0.12200585,0.00012952394440578514,0.0013127754752134248
731,MAPKAPK2,3.821987,0.565472,0.000132380748545923,0.0013393018234489186
732,RAB37,3.821244,0.53869045,0.00013278018118350346,0.0013429377914753735
733,RBM3,3.8189833,0.09235918,0.00013400284457823266,0.0013548952069535024
734,TRGV10,3.8131838,2.099261,0.00013718797645752756,0.0013850121476317156
735,POLR2B,3.8003035,0.3458103,0.00014451897932811147,0.0014533365903167024
736,KLF13,3.7977374,0.1418421,0.00014602293182017353,0.0014680207096477757
737,USP1,3.7804778,0.4638425,0.00015652765342310745,0.0015610252622422559
738,CHMP4A,3.776446,0.24310428,0.0001590819013841333,0.0015845823607428164
739,PTGES3,3.7677276,0.093119115,0.00016474025926005708,0.0016375396606590974
740,EIF5B,3.7669413,0.22623406,0.00016525989745589095,0.0016422182047039025
741,SRSF2,3.7658098,0.14667179,0.00016601013757979886,0.0016486964744303505
742,MANF,3.7581973,0.44247353,0.00017114185640247246,0.0016971483087008048
743,PTCH1,3.754685,1.2704002,0.00017355974123145802,0.0017201083337531438
744,MXI1,3.7504468,0.56820375,0.00017651979740980294,0.0017478951773043905
745,PTGDS,3.7485433,0.47186193,0.00017786462421280746,0.001760691784784279
746,CD59,3.7394717,0.9550297,0.00018440747086400231,0.0018211595282205271
747,TOX,3.7203732,0.9321456,0.00019892854614437052,0.001959373151421409
748,ORMDL3,3.7190318,0.7014876,0.00019998787509042818,0.001969228818198115
749,RCN2,3.7143087,0.44717202,0.00020375989128433114,0.0020040173706433718
750,DHX36,3.7134442,0.24895859,0.00020445752284024916,0.0020097000002978534
751,ANKRD44,3.7015047,0.15745403,0.0002143247551890047,0.0020993059694885633
752,AP005482.1,3.7005558,1.8815191,0.00021512770238602398,0.002106555586167145
753,LINC01943,3.699252,2.2485285,0.00021623592749958859,0.002115554415542941
754,TLN1,3.6945498,0.078234956,0.0002202767556813303,0.002152576291387079
755,TRBV18,3.692842,4.118865,0.00022176188207435944,0.0021658270241729375
756,RAP1GAP2,3.6642153,0.72411805,0.00024809799864629957,0.0024083098925035008
757,CWC15,3.656804,0.29142383,0.00025537931137781114,0.0024746926740794655
758,PTPN1,3.6548839,0.27623245,0.0002572983188405693,0.0024904101059956747
759,BTG3,3.647567,0.764415,0.00026473515585955995,0.0025594372030031485
760,RSF1,3.6414855,0.24371202,0.00027106932134309263,0.0026153978421187113
761,CROT,3.6269925,1.1665112,0.0002867416754259666,0.0027563033277260155
762,GPR174,3.6260176,0.5327701,0.000287825732684214,0.002765138763323738
763,CREBZF,3.6188776,0.3541588,0.000295883352453992,0.0028360491210637274
764,UBXN10-AS1,3.617222,2.4804513,0.00029778175941596935,0.0028534298992265086
765,TMED9,3.6106665,0.28223583,0.00030541124004521624,0.0029190316810021265
766,NDUFA6,3.6040852,0.2649818,0.0003132543115911541,0.0029869578606441806
767,KCNAB2,3.5927181,0.40086856,0.00032724654308175915,0.00311088281232314
768,SNRPN,3.5919127,0.272525,0.00032825974486528454,0.00311963029846753
769,GOLGA8A,3.5884945,0.5013719,0.00033259300804348374,0.003157233032482977
770,ARHGAP10,3.5850255,0.98962444,0.00033704514599679664,0.003195877892688879
771,ITPRIPL1,3.5730596,1.6713272,0.0003528343961306282,0.0033305263094368163
772,NDUFA13,3.569535,0.15317337,0.00035761557179287735,0.003370913728721057
773,CERK,3.566868,0.6165016,0.0003612733627892439,0.003401568231674807
774,SPTY2D1,3.5596845,0.5263615,0.0003713006441136204,0.0034920586097259114
775,NCK1,3.5507145,0.47983038,0.00038418682984970616,0.003601134125069716
776,DNAJB14,3.5498986,0.2998653,0.0003853795182737475,0.0036113043542511723
777,SP4,3.548151,0.6836472,0.00038794574472051594,0.0036343364207923642
778,ETHE1,3.5391502,0.5217885,0.0004014171520017515,0.0037500636333801514
779,SRRT,3.533699,0.5707271,0.0004097875328855529,0.00382399952084465
780,PPP1R18,3.5326996,0.22143534,0.00041133961711013875,0.003837415320901205
781,ENPP4,3.5278385,0.9704946,0.00041896758798917874,0.0039009813897782
782,PARP15,3.5221782,0.5559436,0.000428016407654993,0.0039797100859254655
783,IL10RA,3.5192482,0.19178659,0.00043277160828603356,0.00402058011044238
784,MEAF6,3.5170815,0.29444042,0.00043631978211709527,0.004047937165323138
785,POLR3GL,3.5030615,0.3190843,0.0004599433196199372,0.00425533215266578
786,NTAN1,3.4860744,0.646808,0.0004901644103262354,0.004512526487378886
787,WHRN,3.477328,2.5181265,0.0005064376272726573,0.004648304636965074
788,SYNRG,3.4704823,0.26078323,0.0005195245811277764,0.004754110614423838
789,KIR3DL1,3.4701498,2.0589254,0.0005201682160829211,0.004758702027001911
790,PRKAA1,3.4613342,0.50065494,0.0005375052503043904,0.0049023984560735735
791,ANKRD36B,3.4612718,0.64135957,0.0005376295998997735,0.0049023984560735735
792,ANAPC16,3.4485583,0.093399085,0.0005635875810083842,0.005115453394278536
793,C15orf61,3.446978,0.62653387,0.0005668943298035202,0.0051399032259936365
794,AL357060.1,3.4436116,0.9488379,0.000573999624292232,0.0051987035915508715
795,TRGC1,3.4426208,0.45872015,0.00057610660194813,0.0052149698289167025
796,RPL36A,3.4382722,0.07247636,0.0005854385564296225,0.0052923014300637955
797,KRR1,3.4370196,0.33451447,0.0005881532460057352,0.005315409206289503
798,GYPC,3.4338684,0.15403412,0.0005950330082316465,0.005368904231927081
799,DNAJC9,3.4261243,0.6032132,0.0006122603146896666,0.005518405384053221
800,MPC2,3.4251726,0.36631364,0.0006144088871549923,0.005534795932689802
801,DUSP8,3.4210863,1.5347488,0.000623715555614124,0.005608089089594233
802,SS18L2,3.4086056,0.3692273,0.0006529581750586688,0.005845945348402998
803,KAT2B,3.3919106,0.7621826,0.0006940708469898938,0.006182668809122724
804,HNRNPR,3.3845878,0.13735853,0.0007128521351601817,0.006331471109375575
805,HSPB11,3.3763602,0.50212353,0.0007345168586113815,0.006503227667399291
806,GDPD5,3.376124,1.5276043,0.0007351483145798584,0.006507100600258456
807,RPL31,3.361956,0.082269974,0.0007739246260710968,0.006825107575380606
808,SDF2L1,3.3572927,0.41473737,0.0007870976497369771,0.006930344178755247
809,APOBEC3H,3.3439245,1.9753306,0.0008260222999414051,0.007238864879915037
810,AL096865.1,3.3412993,2.0161018,0.0008338725337974322,0.0073000305503780425
811,RNF126,3.3302672,0.39364195,0.0008676269415130109,0.00757575432555672
812,PTGER2,3.317172,0.4113634,0.0009093358789908976,0.00792137836612902
813,USP36,3.3119476,0.6129169,0.0009264891485311243,0.008056155837033147
814,ARHGAP35,3.3026814,0.7736863,0.0009576507332976432,0.008318490104464222
815,IRF1,3.2840123,0.080040626,0.0010234043230438997,0.00885067926411715
816,NUB1,3.2778535,0.23336004,0.0010459964857068218,0.009018156847721179
817,ZMYND11,3.2752216,0.52210706,0.0010557915172939177,0.009100266231560886
818,UBL3,3.2740433,0.379276,0.0010602034973959261,0.009135946787169726
819,EVA1C,3.267925,1.5793555,0.0010833903691456017,0.009318991074738443
820,CADM1,3.2650359,2.178928,0.0010945017551330274,0.009412153811192685
821,ATP1B3,3.2648954,0.29956898,0.0010950449987822217,0.009412685593038804
822,TBPL1,3.264166,0.65136117,0.0010978680805183458,0.009433845678817393
823,SLA,3.2531416,0.36671528,0.0011413662240873398,0.009772043985541764
824,REXO2,3.240832,0.51206696,0.0011918131720994145,0.01015782215142825
825,HNRNPA1,3.2393997,0.06096342,0.0011978155183137056,0.010206386395631368
826,TMEM160,3.224746,0.21371952,0.0012608449967539779,0.010694542109543478
827,LMAN1,3.2152967,0.39078858,0.00130309726974709,0.01104111499460679
828,PCM1,3.2126594,0.16526234,0.00131512188924007,0.011126780504877263
829,ISCU,3.206306,0.14307715,0.0013445095622583705,0.011366816662218612
830,CAMLG,3.2037623,0.2617862,0.001356444303375727,0.011461937275539211
831,PHAX,3.1984031,0.5024291,0.0013819095757915609,0.011656560199420867
832,TMC6,3.1961641,0.2939335,0.0013926789591717698,0.011738544089646348
833,IGF2R,3.194239,0.3426985,0.0014020002631223972,0.011802945855976965
834,ISCA1,3.19117,0.40298086,0.0014169788228720111,0.011913420847701557
835,CCNDBP1,3.1853445,0.25925845,0.001445817921210059,0.012146753868121985
836,MAN1A1,3.1851041,0.5352176,0.0014470189895743708,0.012153799867855059
837,BDP1,3.1825936,0.24413587,0.0014596233348014363,0.012250462312955599
838,ESYT1,3.181119,0.47564018,0.0014670732201623499,0.012306828828865655
839,KIFAP3,3.1756635,0.57567734,0.0014949423193271983,0.01252182205434455
840,LINC00987,3.168965,1.8479521,0.001529828247974634,0.012782107568653035
841,NLRC3,3.1635122,0.70647615,0.001558777645015598,0.013007784189732053
842,ARHGEF12,3.1538258,1.0301965,0.0016114531361648065,0.013413977483419033
843,MRFAP1L1,3.1527035,0.4806245,0.0016176598781030593,0.013455624253923711
844,PCBP4,3.150704,1.5054669,0.0016287745356161878,0.013534648259538085
845,COX20,3.146777,0.3568905,0.001650807970889364,0.013713441328160936
846,RALBP1,3.145484,0.22595583,0.0016581233495169647,0.013764886360420782
847,PFKP,3.1372774,0.7311049,0.0017052466888880667,0.014131594626125026
848,SP140L,3.13055,0.32619107,0.0017447931107848994,0.01442368039179294
849,TMED2,3.1259727,0.2692592,0.0017721803068025733,0.014624848211010016
850,IRF3,3.1193058,0.30409935,0.001812776656158955,0.014934144803306076
851,PARK7,3.1006846,0.076198034,0.0019307372681962843,0.015824307551507082
852,SLFN13,3.0951395,0.62352735,0.0019672030465493514,0.01609957437168671
853,CTLA4,3.0792994,1.5018902,0.0020748794075323824,0.01687374043885088
854,KTN1,3.0789,0.13070266,0.0020776633060369,0.016892284110997708
855,EIF4A2,3.0786943,0.068389535,0.002079098007441969,0.016899851908286176
856,TBC1D19,3.0715685,1.3644855,0.0021293726623502524,0.01729047535893646
857,IL12RB1,3.069301,0.7547008,0.0021456042804312006,0.01740669481303861
858,KLF12,3.0538974,0.4471813,0.0022588928288260605,0.01827273219806281
859,MAGOH,3.0521455,0.23021112,0.002272119890550295,0.01837086713820535
860,UAP1,3.02581,0.9491168,0.002479679985526373,0.01988859299741018
861,PTMS,3.022463,0.6808349,0.002507266208366502,0.020092877920237933
862,DYRK2,2.9927473,0.3916682,0.0027647861445534417,0.021978051129659473
863,AC004585.1,2.985842,1.6857514,0.002827987176820468,0.022448528742297007
864,MEI1,2.9831562,0.79501677,0.0028529233377744983,0.02262505152572266
865,YY1,2.9822626,0.10063246,0.0028612654076904634,0.022685843792700413
866,EIF5A2,2.9750192,1.048858,0.0029297010376837895,0.023168194624343063
867,NAA50,2.9735916,0.50064147,0.0029433658989679685,0.023259803374078163
868,TPR,2.9734724,0.11880743,0.002944508498184508,0.023263351239602364
869,ARHGDIA,2.973069,0.1396367,0.0029483829612758734,0.02328847568423699
870,IDI1,2.9728844,0.34379795,0.002950155551474109,0.023296990083668156
871,SIRT7,2.9685943,0.40765885,0.002991652196112619,0.023608007377229415
872,CDK2AP2,2.9530594,0.4095087,0.0031464131280190062,0.024741946890387206
873,MIF,2.9505599,0.26292008,0.003171986876917398,0.024908006527290028
874,CCDC65,2.9476888,1.1299394,0.0032015926845869913,0.02513046188722466
875,EXOG,2.9476674,0.6110496,0.003201814766656061,0.02513046188722466
876,SNTB2,2.9396236,0.70379317,0.0032861113877090554,0.025749907411445394
877,TRADD,2.938974,0.35894808,0.0032930087812192096,0.02579437565301328
878,EDF1,2.9330728,0.04309145,0.0033562510741907024,0.026225989870971057
879,LINC01934,2.9178112,0.90381116,0.0035249783024822907,0.027384925251019474
880,GNAO1,2.917544,2.6154711,0.0035279994082931163,0.0273874249133976
881,PSMA5,2.9174938,0.20893632,0.003528566493255144,0.0273874249133976
882,CDC14B,2.9085717,1.2903932,0.003630838960054311,0.02812914692591857
883,NUCB2,2.9045165,0.18679728,0.003678207441457234,0.02845668308456579
884,REST,2.8920279,0.24559851,0.0038276396651242476,0.02951066185952575
885,AC097534.2,2.8828588,1.6299139,0.003940840661917437,0.030285956489318745
886,JTB,2.8819034,0.09752437,0.00395280991730418,0.030370982590274365
887,ERG28,2.8805766,0.6906136,0.003969485036052789,0.030478156854198364
888,RPS14,2.8778298,0.048236363,0.004004210740295305,0.03068857856673308
889,CFLAR,2.8731477,0.10128673,0.004064041791980258,0.03112578981946424
890,TNFSF14,2.87292,1.2018702,0.004066971052255164,0.03114111304806705
891,NOP56,2.8649235,0.29388115,0.004171101626404923,0.03189079151277232
892,RSBN1,2.862376,0.3286083,0.004204776466673035,0.0321229597128201
893,TMEM106C,2.8618631,0.8644777,0.004211586273282791,0.032167656668949725
894,MSC,2.8567812,2.3033652,0.004279606071036746,0.03265743536073502
895,PPP2R5A,2.853106,0.40086225,0.00432941840519911,0.033015014659747106
896,SEC61B,2.8523104,0.08458734,0.0043402692422170415,0.033075198783339047
897,CDKN1B,2.8519423,0.16353029,0.0043452994873053145,0.033106009587743214
898,GFPT2,2.8486478,4.65657,0.004390546258590278,0.03341278430238274
899,MED30,2.846578,0.51306105,0.004419191192757051,0.03359096671191397
900,TRAPPC2,2.8465219,0.49250445,0.004419969470441779,0.03359096671191397
901,SLC25A42,2.8422656,0.72006726,0.004479414333963848,0.03397452434123807
902,NPC1,2.8394322,0.83451295,0.0045193908037843055,0.03423793286137746
903,HSPE1,2.8332665,0.1654817,0.004607494158754783,0.034826716046048665
904,HIVEP3,2.818592,0.7594114,0.004823477095319208,0.036328267420349336
905,CALCOCO1,2.8184392,0.46969324,0.004825775799068318,0.0363374200155261
906,OGA,2.8180273,0.17661957,0.004831970142675347,0.03636790778280444
907,RNF7,2.807746,0.17212528,0.004988957475644519,0.03744006619336896
908,RPTOR,2.795697,1.1898296,0.005178793178776936,0.03876062611689821
909,DCP1B,2.795088,1.2432139,0.005188559006431871,0.03882151262061865
910,RTF1,2.7950454,0.16577831,0.005189243278616298,0.03882151262061865
911,GLO1,2.7949061,0.43151796,0.005191479136042995,0.03882957789130463
912,NEO1,2.7894542,2.0263028,0.005279696430710089,0.03943662781584743
913,SRM,2.7860007,0.40942273,0.005336274102315679,0.039806041112869936
914,TERF1,2.7829988,0.4137644,0.005385901044629483,0.040104873275928855
915,SAMSN1,2.7809312,0.119323276,0.005420321023829153,0.04031641749771172
916,LAX1,2.7708197,0.961773,0.0055915391323413865,0.041479548644208226
917,G3BP1,2.7701445,0.28193164,0.005603142818796489,0.041547248254874346
918,TRAPPC4,2.7648318,0.4347472,0.005695214397211322,0.04217401202333259
919,RPL38,2.763991,0.056796744,0.0057099094213673785,0.0422734971686135
920,NDUFB2,2.7621658,0.07906427,0.0057419326631019335,0.042473078441798116
921,NMRK1,2.760233,0.5423752,0.005776017954541077,0.042678142797840636
922,EPC1,2.7558637,0.14986882,0.00585373731357764,0.04319530077508622
923,SLA2,2.7465074,0.59265375,0.0060233538692675654,0.04432987537140566
924,GPATCH11,2.7457645,0.5282982,0.00603700784481702,0.044410872800937314
925,MORF4L1,2.745505,0.048304718,0.006041782615464599,0.044436251174879766
926,TMEM14A,2.7433488,1.0031654,0.006081605958238117,0.04468994316989263
927,ZRANB2,2.724298,0.10783534,0.0064438347616899965,0.04718631664575526
928,PIN1,2.7168248,0.30630732,0.006591149107466705,0.04810749918742511
929,STN1,2.7003567,0.5640836,0.006926517578947954,0.050347105887030015
930,OASL,2.6958492,0.797488,0.00702094630098444,0.05101137284281112
931,TNRC6C,2.6875343,0.3627698,0.007198167927100947,0.05223110253983375
932,STK38,2.684772,0.26917627,0.007257931569389249,0.0525170461648709
933,MCOLN2,2.6814747,1.2252754,0.007329848289852665,0.052980269815749714
934,RICTOR,2.6808596,0.22018853,0.0073433306368219965,0.05305870251140882
935,IGFBP3,2.6808355,2.1432338,0.007343863589300486,0.05305870251140882
936,UBR1,2.6709273,0.5441821,0.0075642023673644695,0.05447460145945234
937,FGFR1,2.6678262,1.5694911,0.007634376675664307,0.05492100492244305
938,SLBP,2.6646464,0.4463695,0.007706933660446267,0.055419198349924294
939,RPL10A,2.6641731,0.13394216,0.007717781129911112,0.05548530408037703
940,GIPC1,2.6628637,0.75219166,0.00774787707561766,0.05567780187745128
941,MFSD10,2.6623156,0.39957634,0.007760509621094187,0.05575663489122897
942,CENPK,2.6613812,0.7311472,0.007782078671312539,0.05588765620524196
943,SLC25A4,2.6538348,1.0439944,0.007958279798397205,0.057001647039845685
944,ACTR6,2.652219,0.49668598,0.007996462984600506,0.057218983481444795
945,CYB561D2,2.6449854,0.51891214,0.008169442397607796,0.05834471020676539
946,NCK2,2.6344094,0.2308328,0.008428376115486571,0.06000230909810839
947,TAF7,2.633268,0.15585145,0.008456757777045775,0.06019158368560297
948,HMGN1,2.6207657,0.08019952,0.008773254004413655,0.0622404030285542
949,ATP2A3,2.6151192,0.38984853,0.008919631604453082,0.06316440134082506
950,STMN3,2.6134589,0.3389351,0.008963085844630254,0.06343194198295199
951,STMN1,2.609333,0.315799,0.009071892036485235,0.0641478210245924
952,SNRK,2.6054058,0.2653335,0.009176552440798066,0.06481954839079307
953,CHST11,2.601273,0.4761408,0.009287849347184334,0.06551197815779501
954,MTERF2,2.5921638,1.2504253,0.009537432297152043,0.06711422668524658
955,PPP1R16B,2.589572,0.8890323,0.009609535070563613,0.06757907049623872
956,UBE2N,2.577913,0.29724908,0.009939898341471864,0.06968317528768464
957,KIF21B,2.5747087,0.7442879,0.010032451229258409,0.070229252625103
958,CES1,2.5742466,0.7807131,0.010045865221369195,0.07029380926231589
959,ZNF365,2.5714216,2.1656985,0.010128196468693396,0.07079922066162939
960,SRPRA,2.562179,0.27196756,0.010401767872756932,0.07263262355122257
961,FYCO1,2.559119,1.0029906,0.010493784673757164,0.07325989808252867
962,SMARCD1,2.548748,0.39857993,0.010811035975471004,0.07521102327202218
963,AGFG2,2.5484064,1.2548792,0.0108216363386071,0.07525109672904932
964,LUZP1,2.5424604,0.5316089,0.011007508874388157,0.07634716076272939
965,RECQL,2.530772,0.3520908,0.011381184839025877,0.07870147982087627
966,PHLDB2,2.5203557,1.3982401,0.011723633251687644,0.08071340450429401
967,PDGFD,2.5079784,1.063577,0.012142404208169925,0.08339790135850972
968,AC016831.7,2.5014477,0.5922528,0.012368672079652546,0.08467453035464116
969,UBR2,2.496251,0.30734512,0.012551374261722797,0.08576772412177244
970,CARD11,2.4908266,0.51101303,0.012744633420569983,0.0869557107994526
971,JPT1,2.4869058,0.1967508,0.012885954515493483,0.08778572873057494
972,PDCD1,2.4866357,2.176039,0.01289573717886133,0.08783453158096086
973,CLDND1,2.4860785,0.31497958,0.012915950500708748,0.0879307706949698
974,PYURF,2.4826167,0.20567763,0.013042132557745879,0.08863364573894252
975,DLGAP1-AS1,2.4709742,0.81399983,0.01347455256299056,0.09118433088328841
976,EMC7,2.4652903,0.35651952,0.01369022797608765,0.09252077657277938
977,UBE2Q2,2.461216,0.37399495,0.01384669582583862,0.09345928364952799
978,NCBP2-AS2,2.4586432,0.30951843,0.013946315529489831,0.09403528955127262
979,AGAP2,2.4565752,0.7456594,0.014026845552461484,0.09452126705614894
980,ARPC4,2.4446485,0.08076248,0.01449933953177496,0.09748974523189027
981,IFFO2,2.4296248,0.96511084,0.01511445642963505,0.10126021568859374
982,TMC8,2.426397,0.27650556,0.015249576141323183,0.10202279765164511
983,JOSD1,2.4201677,0.38168252,0.015513350753997589,0.10353965325125793
984,ZNF800,2.4199579,0.30214033,0.01552230387558758,0.1035581912431781
985,IMP3,2.4177837,0.30633664,0.015615355828289487,0.10407547769657648
986,TBCC,2.4117799,0.37750787,0.01587486100975552,0.10567905687677266
987,ZBTB8OS,2.4063225,0.31178758,0.016114029032315895,0.10710476700618139
988,NIP7,2.401647,0.62746674,0.01632144637517702,0.10839379574865086
989,RAD21,2.3950493,0.12600201,0.016618131088004043,0.11010250502360323
990,GAPDH,2.385574,0.07768347,0.017052490658567593,0.11269092250385022
991,KLF6,2.3821988,0.042795293,0.017209599351905334,0.11355415948764902
992,SRP19,2.3801482,0.26913497,0.01730567651203113,0.11409431469638293
993,DEXI,2.3716497,0.6336229,0.0177088651557801,0.11652342938876849
994,MSI2,2.368739,0.39431563,0.017848843727250426,0.11735238598794841
995,SELENOS,2.3680363,0.27750933,0.01788278430149277,0.11752945716313237
996,BSG,2.3628159,0.2096122,0.018136680197948434,0.11903482983929445
997,PNKP,2.3580332,0.45304358,0.01837205445797805,0.12039116108082608
998,TIAL1,2.3542144,0.22311756,0.018561903135544098,0.12146909411900057
999,KAT6A,2.3533738,0.22630207,0.018603917583594434,0.121720286367263
